total_rides,start_station_name,lng,lat
80336,Streeter Dr & Grand Ave,-87.612048646201131,41.892274332246714
42717,Michigan Ave & Oak St,-87.623765633060856,41.900969475747871
41603,Wells St & Concord Ln,-87.634701212356759,41.9121072398255
40489,Millennium Park,-87.624084672213669,41.881053443078471
39340,Clark St & Elm St,-87.631365484514035,41.902935454761312
35955,Wells St & Elm St,-87.6343848394477,41.903189611492294
35703,Theater on the Lake,-87.630852690110885,41.926272899409412
32422,Kingsbury St & Kinzie St,-87.638505843287476,41.889175768509247
31899,Clark St & Lincoln Ave,-87.634605375528764,41.915699630611762
31331,Clark St & Armitage Ave,-87.6362913505345,41.9183065682458
31299,Wabash Ave & Grand Ave,-87.626750592777825,41.891443375804805
30270,Dearborn St & Erie St,-87.629312411936553,41.894029241385084
29602,Wells St & Huron St,-87.634377111651219,41.894748319671507
28980,Broadway & Barry Ave,-87.644098989785007,41.937599482711882
28493,St. Clair St & Erie St,-87.622770148161962,41.894313749931776
28375,Indiana Ave & Roosevelt Rd,-87.623038611433373,41.867900800077621
27417,Shedd Aquarium,-87.615357715074524,41.8672312650297
26660,Larrabee St & Webster Ave,-87.644118897110943,41.921821191085129
26233,Wilton Ave & Belmont Ave,-87.653027933086136,41.940164483928612
26065,New St & Illinois St,-87.618519180101615,41.890826990867559
25747,Green St & Madison St,-87.648794844329615,41.881879967826229
25550,Wells St & Evergreen Ave,-87.634897367513958,41.906716579466625
25187,Fairbanks Ct & Grand Ave,-87.620605226165267,41.891873724882615
24723,Michigan Ave & Lake St,-87.6241804776145,41.885999083216547
24543,Desplaines St & Kinzie St,-87.64442559138358,41.888674000178256
24362,Michigan Ave & Washington St,-87.624589843905824,41.883968849194261
24158,Clark St & Wrightwood Ave,-87.643126649208057,41.929557644142683
24156,Lakeview Ave & Fullerton Pkwy,-87.638971010801342,41.925863937175485
24128,Lake Shore Dr & Monroe St,-87.616744787741354,41.880970032992686
24087,LaSalle St & Illinois St,-87.631685670592319,41.890768195793612
23952,Clinton St & Madison St,-87.641089820940977,41.882169665178154
23755,Ashland Ave & Division St,-87.667789253744985,41.903422623102145
23677,Wells St & Hubbard St,-87.634266372756656,41.889930854848913
23588,DuSable Lake Shore Dr & North Blvd,-87.626805501165975,41.911722126171036
23162,Dearborn Pkwy & Delaware Pl,-87.629904548101422,41.898958152326657
23149,Lincoln Ave & Fullerton Ave,-87.648966623105011,41.925729272443711
22841,Clark St & Drummond Pl,-87.644319213149728,41.931249069263153
22787,Lake Shore Dr & North Blvd,-87.626805812399454,41.911721736412936
22751,Columbus Dr & Randolph St,-87.619522137900731,41.884674265440573
22367,Wabash Ave & Roosevelt Rd,-87.625966622775508,41.867213486808993
21839,Clark St & Newport St,-87.654697215106324,41.944534593916188
21817,Clark St & Schiller St,-87.631516519286663,41.9079979659576
21436,Halsted St & Roscoe St,-87.648941258279081,41.943674870992794
20538,DuSable Lake Shore Dr & Monroe St,-87.6167450016378,41.8809720666619
20499,Broadway & Cornelia Ave,-87.646440452835222,41.945527870381888
20480,Broadway & Waveland Ave,-87.648627717116582,41.949072391815456
20210,State St & Kinzie St,-87.627751159154073,41.8891960589728
20205,Damen Ave & Pierce Ave,-87.677693623655017,41.9093957017149
20195,Green St & Randolph St,-87.648636819478071,41.88363238016543
20122,McClurg Ct & Erie St,-87.6179809108292,41.894519870553644
20067,Rush St & Cedar St,-87.627726445722885,41.9023407742075
20052,Clinton St & Washington Blvd,-87.6412081606165,41.883366141033278
20029,Dusable Harbor,-87.612812409576,41.886971973233308
19657,Rush St & Superior St,-87.625959478245179,41.895752819656536
19590,Pine Grove Ave & Waveland Ave,-87.646455275661808,41.949449141540555
19485,State St & Randolph St,-87.627880798785938,41.884650239798269
19424,Kingsbury St & Erie St,-87.641721448420014,41.893831268857618
19287,Montrose Harbor,-87.638183785821042,41.963977960089338
19279,Bissell St & Armitage Ave,-87.652218150326632,41.918430603073375
19050,Southport Ave & Roscoe St,-87.664010751135066,41.943728133022034
19025,Morgan St & Lake St,-87.652265070982438,41.885504685042775
19002,Wilton Ave & Diversey Pkwy,-87.652709172649224,41.932420505693045
18967,Sheffield Ave & Waveland Ave,-87.654511914992511,41.949358750008493
18951,Halsted St & Wrightwood Ave,-87.649090281856729,41.929148966442931
18944,Clark St & Wellington Ave,-87.647549606818714,41.936499677396931
18801,Federal St & Polk St,-87.629560254083216,41.872088666356582
18752,Halsted St & Clybourn Ave,-87.6481233874197,41.909652612960791
18722,Michigan Ave & 8th St,-87.623985589270632,41.872726619651829
18591,Orleans St & Merchandise Mart Plaza,-87.636568412441946,41.888158353167682
18589,Milwaukee Ave & Grand Ave,-87.648352629686471,41.891595432197654
18204,Sheffield Ave & Fullerton Ave,-87.653709271111907,41.925599631341434
18109,Daley Center Plaza,-87.629601164803518,41.884185971577118
18071,Mies van der Rohe Way & Chestnut St,-87.622048515507359,41.8985797220469
17954,Southport Ave & Waveland Ave,-87.663961121466926,41.948140124935307
17811,Stockton Dr & Wrightwood Ave,-87.638735412324138,41.931321829475152
17715,Sheffield Ave & Wellington Ave,-87.65258109423543,41.93626650534685
17524,Dearborn St & Monroe St,-87.629597765633378,41.881217252696864
17211,Clinton St & Lake St,-87.641839650519955,41.885589422338683
17076,Sheffield Ave & Webster Ave,-87.65381326414105,41.9215833495011
16976,Wabash Ave & 9th St,-87.625736204694391,41.870737751056154
16962,Ellis Ave & 60th St,-87.60107457973686,41.78509867451416
16885,Halsted St & Dickens Ave,-87.648837981654935,41.919946405825321
16835,Franklin St & Illinois St,-87.635459645783811,41.891023976532786
16775,Canal St & Adams St,-87.639936737417074,41.879318708949022
16754,Franklin St & Jackson Blvd,-87.635280405829064,41.877731996398566
16749,Sedgwick St & North Ave,-87.638678472868293,41.911376690694262
16438,Clark St & Grace St,-87.659175280123662,41.950800931857955
16415,Loomis St & Lexington St,-87.661496143736443,41.8721883518245
16405,Broadway & Belmont Ave,-87.645458477517749,41.94010515253219
16372,Mies van der Rohe Way & Chicago Ave,-87.621736159045327,41.896975183546921
16088,Lakefront Trail & Bryn Mawr Ave,-87.65231264534178,41.984033068309948
16004,Larrabee St & Kingsbury St,-87.642994142788,41.897722558469752
15996,Sheffield Ave & Wrightwood Ave,-87.653826830564512,41.928705568154648
15928,Clark St & Lake St,-87.630889316341907,41.885991048278534
15863,Lincoln Ave & Diversey Pkwy,-87.658634050513811,41.932216298076014
15860,Wabash Ave & Wacker Pl,-87.626057285134948,41.8868837738361
15578,Franklin St & Lake St,-87.63548037703,41.885818534897993
15548,Clark St & Randolph St,-87.631776998533553,41.88459328892921
15503,Sedgwick St & Webster Ave,-87.638906153353,41.922169928086113
15266,Wood St & Milwaukee Ave,-87.67254129569244,41.907646465055748
15251,Peoria St & Jackson Blvd,-87.649582584898752,41.877646374670476
15220,University Ave & 57th St,-87.599869012942364,41.791478879381181
15097,Adler Planetarium,-87.607277030478855,41.866100238703012
14909,LaSalle Dr & Huron St,-87.632304960958422,41.894829559633216
14835,Lincoln Park Conservatory,-87.63583664228824,41.923956596080863
14691,Racine Ave & Fullerton Ave,-87.6584208158357,41.925577391211725
14666,Sheridan Rd & Montrose Ave,-87.654641949570461,41.961647160462242
14527,Clark St & Chicago Ave,-87.6308796209975,41.896721764094451
14242,Franklin St & Chicago Ave,-87.635695312635178,41.896759148687138
14225,Racine Ave & Belmont Ave,-87.658864879240724,41.939728848042208
14192,Burling St & Diversey Pkwy,-87.647758238353262,41.933131016495949
14165,Pine Grove Ave & Irving Park Rd,-87.648052773352759,41.954383477835471
14128,Sheridan Rd & Irving Park Rd,-87.654411897313977,41.954244965038939
13980,Ritchie Ct & Banks St,-87.626198202426153,41.90687068261439
13964,Buckingham Fountain,-87.620822280578466,41.875869810894429
13851,Sheffield Ave & Kingsbury St,-87.653120134851619,41.910542007485439
13791,Michigan Ave & 14th St,-87.623720301400468,41.864112416085213
13711,Broadway & Sheridan Rd,-87.649996306138931,41.952824180437617
13602,Clark St & North Ave,-87.631965025854356,41.911965218861212
13592,Sedgwick St & Huron St,-87.638389049462717,41.894661891335382
13565,Clinton St & Jackson Blvd,-87.640982168483575,41.878307985566387
13534,Cityfront Plaza Dr & Pioneer Ct,-87.62205293153923,41.89054318461055
13399,Sheffield Ave & Willow St,-87.652851622387757,41.913702722527
13327,Burnham Harbor,-87.6133421320184,41.856268871998928
13162,Michigan Ave & Pearson St,-87.623520626211757,41.897551321331122
13086,Field Blvd & South Water St,-87.617493938215645,41.886268340247689
13027,Franklin St & Monroe St,-87.635257199339,41.880202325588407
12919,Canal St & Madison St,-87.639849262779748,41.882080416287629
12904,Southport Ave & Wellington Ave,-87.663594992492818,41.935716613535448
12894,Greenview Ave & Fullerton Ave,-87.665808403413024,41.925352706894678
12795,Clarendon Ave & Gordon Ter,-87.649498605212159,41.957856108564279
12671,Milwaukee Ave & Wabansia Ave,-87.681399222915445,41.912617957817041
12587,Stetson Ave & South Water St,-87.62225548792027,41.886738837744517
12541,Wells St & Polk St,-87.63356162843067,41.872562156178866
12471,Desplaines St & Randolph St,-87.644549337905872,41.88460309068244
12422,Shore Dr & 55th St,-87.580739350826434,41.7952141247343
12330,Southport Ave & Wrightwood Ave,-87.663905664779591,41.928777844327634
12305,Damen Ave & Cortland St,-87.677329998072409,41.915983463000408
12059,Dayton St & North Ave,-87.649419762014332,41.910587882695928
12048,Larrabee St & Division St,-87.64334440427055,41.903497153814783
11975,Ellis Ave & 55th St,-87.601448678968652,41.794299057107239
11905,State St & Pearson St,-87.628727889031623,41.897450238409142
11901,Halsted St & Willow St,-87.648767485593666,41.913860692013344
11891,Ravenswood Ave & Lawrence Ave,-87.674234777646248,41.969096469757019
11872,Michigan Ave & Madison St,-87.62512839145792,41.88209910762788
11835,Clark St & Winnemac Ave,-87.667846685652,41.973350945089074
11770,LaSalle St & Jackson Blvd,-87.631848347630324,41.878113550431607
11726,Desplaines St & Jackson Blvd,-87.64404447899868,41.87773288668425
11630,Clarendon Ave & Junior Ter,-87.649582453472846,41.961003863724919
11569,Aberdeen St & Jackson Blvd,-87.654800740873981,41.87773133858505
11536,Michigan Ave & Jackson Blvd,-87.624079712704741,41.877842345979531
11521,Damen Ave & Chicago Ave,-87.677182886519461,41.895729654619331
11519,Lincoln Ave & Roscoe St,-87.6709833721798,41.9434036104376
11411,Kimbark Ave & 53rd St,-87.594745364791919,41.799567698461971
11377,DuSable Lake Shore Dr & Belmont Ave,-87.639189559485,41.940766644744663
11332,Orleans St & Chestnut St (NEXT Apts),-87.637534902479715,41.898171045325682
11313,Clifton Ave & Armitage Ave,-87.656959129879951,41.918213257038772
11233,DuSable Lake Shore Dr & Wellington Ave,-87.6368294089797,41.936693525807883
11117,Lincoln Ave & Belmont Ave,-87.668356992278362,41.939369645739852
11099,DuSable Lake Shore Dr & Diversey Pkwy,-87.6364245578757,41.932584354172484
11096,Ogden Ave & Chicago Ave,-87.654065362172062,41.896362468311182
11071,Honore St & Division St,-87.673910862643908,41.903125515042049
11034,Larrabee St & Armitage Ave,-87.643751586142855,41.918089072099825
10796,Lake Shore Dr & Diversey Pkwy,-87.6364246260904,41.932583296508859
10779,Aberdeen St & Monroe St,-87.655542106714762,41.880415724338022
10602,Carpenter St & Huron St,-87.653452278406988,41.894550607771158
10596,Wabash Ave & Adams St,-87.625705242350932,41.879482762336636
10499,Fort Dearborn Dr & 31st St,-87.608209933410976,41.838549047907506
10449,Ashland Ave & Blackhawk St,-87.66724779256181,41.90706333861219
10442,Ogden Ave & Race Ave,-87.658775066772662,41.891796847897943
10421,Damen Ave & Division St,-87.678448768443573,41.903265414293145
10342,Lake Shore Dr & Wellington Ave,-87.6368295639228,41.936693187258705
10301,Southport Ave & Belmont Ave,-87.663764353088979,41.939460067239018
10301,Sangamon St & Washington Blvd,-87.651102590565,41.883108955821683
10286,Morgan St & Polk St,-87.651026012298175,41.871787456147246
10258,Lake Shore Dr & Ohio St,-87.614488612120368,41.8925625482277
10054,Paulina St & Flournoy St,-87.669115658366664,41.872963575866351
10037,Orleans St & Hubbard St,-87.636621255911336,41.889974754335881
10037,Lake Shore Dr & Belmont Ave,-87.639190268899881,41.940768217104811
9992,DuSable Lake Shore Dr & Ohio St,-87.614486679618679,41.892561175784664
9980,California Ave & Milwaukee Ave,-87.697149250280631,41.922685921896814
9907,Eckhart Park,-87.660995777200085,41.896382902984726
9853,LaSalle St & Washington St,-87.632511775620728,41.882672865232919
9815,Halsted St & Polk St,-87.646637744044881,41.871835307125806
9754,Rush St & Hubbard St,-87.626199719066889,41.890177762749509
9701,Southport Ave & Clybourn Ave,-87.663722308257775,41.920770538771322
9697,Aberdeen St & Randolph St,-87.654270018252049,41.884118114778822
9646,Wolcott Ave & Polk St,-87.673691829353,41.871273555141023
9636,Clark St & Berwyn Ave,-87.668087415886021,41.978004051877392
9624,Michigan Ave & 18th St,-87.624549385960123,41.857826673064118
9623,May St & Taylor St,-87.655482645801811,41.869470693931056
9608,Franklin St & Adams St (Temp),-87.635503907869364,41.879333699821039
9552,Paulina Ave & North Ave,-87.6700165209116,41.910140850172816
9528,State St & 33rd St,-87.625812431287684,41.834734977228059
9518,Kedzie Ave & Milwaukee Ave,-87.7078842443401,41.9295750568428
9462,Calumet Ave & 18th St,-87.6194216449196,41.857624239262378
9440,Wells St & Walton St,-87.634434510726649,41.89993973980296
9360,Wabash Ave & 16th St,-87.62581227118055,41.860381014133495
9291,Lakefront Trail & Wilson Ave,-87.6453784097321,41.96584326404156
9256,Fairbanks St & Superior St,-87.62011501500011,41.895754348171877
9231,Noble St & Milwaukee Ave,-87.662594060061835,41.900685267137852
9206,Ashland Ave & Chicago Ave,-87.667734145279084,41.8958835962144
9079,Broadway & Wilson - Truman College Vaccination Site,-87.65818947989095,41.965212873439782
8963,Dearborn St & Adams St,-87.629755641369059,41.879246211462686
8961,Clark St & Leland Ave,-87.667439984567878,41.967094443769682
8856,Wentworth Ave & Cermak Rd,-87.631916892019916,41.853096571406937
8780,Sheridan Rd & Buena Ave,-87.654987110312035,41.958496737452272
8775,Ada St & Washington Blvd,-87.661204858133345,41.8828344779544
8774,State St & Harrison St,-87.627705481986609,41.874040475275756
8716,Western Ave & Winnebago Ave,-87.68702761197342,41.915537204550219
8696,Canal St & Monroe St,-87.639508433693663,41.881686888599326
8582,Broadway & Argyle St,-87.6597024407446,41.973795404480256
8546,Jefferson St & Monroe St,-87.642705841554047,41.880181383106752
8545,Racine Ave & Wrightwood Ave,-87.658977495812721,41.928891154378036
8518,State St & Van Buren St,-87.627867694563278,41.877158155363922
8510,Wacker Dr & Washington St,-87.636997989607451,41.883173874418212
8358,Field Museum,-87.617897548967335,41.865309577955308
8287,Marine Dr & Ainslie St,-87.650160806049357,41.97160983459036
8195,900 W Harrison St,-87.649806383859641,41.874752633194532
8017,Broadway & Berwyn Ave,-87.659757648336111,41.978353002958684
7952,Walsh Park,-87.667965253328546,41.914598985669009
7948,Larrabee St & North Ave,-87.6435022111586,41.910196712731583
7933,Dearborn St & Van Buren St,-87.629222009135376,41.876258145881771
7918,Halsted St & Maxwell St,-87.647074908737068,41.864875225991327
7879,Damen Ave & Thomas St (Augusta Blvd),-87.677422131030426,41.901325383471253
7846,Clinton St & Roosevelt Rd,-87.6410791052346,41.867117449906949
7840,Larrabee St & Oak St,-87.642988744841773,41.900227135209164
7776,Michigan Ave & Ida B Wells Dr,-87.624434632790582,41.8762341621657
7767,Ashland Ave & Augusta Blvd,-87.667879424157434,41.899638748042968
7636,Southport Ave & Irving Park Rd,-87.664341062939968,41.954171526221906
7600,MLK Jr Dr & 29th St,-87.616985340609332,41.8420467799829
7577,Cannon Dr & Fullerton Ave,-87.634434791714526,41.926754968219562
7252,Greenview Ave & Diversey Pkwy,-87.665946897771718,41.932599450555713
7181,Cornell Ave & Hyde Park Blvd,-87.586905191469128,41.802414549880311
7156,Broadway & Granville Ave,-87.66027831789954,41.994778530251494
7135,Financial Pl & Ida B Wells Dr,-87.633092588776535,41.875015609018945
7117,Ashland Ave & Grace St,-87.668698468943475,41.950685032429313
7085,Ellis Ave & 58th St,-87.601325653769791,41.788740340485568
7050,Throop St & Taylor St,-87.659129607733149,41.868931778882256
7043,Western Ave & Walton St,-87.686593295074573,41.898421800201625
6986,Racine Ave & 18th St,-87.656482397490578,41.858179077200134
6985,Ashland Ave & Wrightwood Ave,-87.6685197317036,41.928832810435161
6933,Wood St & Chicago Ave,-87.67208727135143,41.895631879485094
6858,Clybourn Ave & Division St,-87.640563615393631,41.904603520800542
6825,Wood St & Taylor St (Temp),-87.673755468630063,41.869311548504108
6800,Loomis St & Jackson Blvd,-87.6620096558603,41.877942343591208
6748,Delano Ct & Roosevelt Rd,-87.632191730757341,41.867491612820089
6742,Clark St & Bryn Mawr Ave,-87.669157898964656,41.983586250237344
6725,Clarendon Ave & Leland Ave,-87.650004868257255,41.967961544581357
6699,Woodlawn Ave & 55th St,-87.5964705162278,41.795267216698093
6676,Broadway & Thorndale Ave,-87.660136528494547,41.989746279606
6630,Leavitt St & North Ave,-87.682378623072367,41.910428091733138
6541,Broadway & Ridge Ave,-87.660268051667956,41.984050699469464
6516,Canal St & Jackson Blvd,-87.63941206988946,41.877235959530417
6500,Clark St & 9th St (AMLI),-87.6312156210892,41.870812301953841
6347,Elston Ave & Cortland St,-87.666753674383145,41.916438509157125
6251,Winthrop Ave & Lawrence Ave,-87.657647984626408,41.968824359164984
6180,Lake Park Ave & 53rd St,-87.586438194004728,41.799507888137455
6173,Ashland Ave & Grand Ave,-87.66663421913816,41.891076797176432
6109,Damen Ave & Charleston St,-87.6778799235405,41.920076742443911
6097,Clark St & Montrose Ave,-87.666088206710128,41.961579420382144
6043,Sheridan Rd & Lawrence Ave,-87.65470390020846,41.969509467764325
6018,Larrabee St & Menomonee St,-87.643326894557973,41.9146854280176
6013,Lake Park Ave & 56th St,-87.587789227049669,41.7932469323166
5962,Ashland Ave & Wellington Ave,-87.669830917796091,41.936086762889957
5918,Western Ave & Leland Ave,-87.688676443594133,41.966418793840816
5829,Sedgwick St & Schiller St,-87.638541329578032,41.907622098612116
5773,Canal St & Taylor St,-87.639473060261565,41.870233248693914
5764,Lincoln Ave & Belle Plaine Ave,-87.6801934834091,41.9560101534247
5735,Benson Ave & Church St,-87.68348350380316,42.048217390768912
5726,Ellis Ave & 53rd St,-87.600961960597274,41.7993432277471
5653,Campbell Ave & North Ave,-87.6895624929683,41.910535570790721
5588,Wood St & Augusta Blvd,-87.672196180953947,41.899177681141737
5580,Orleans St & Elm St,-87.6377174834461,41.9029186185681
5576,LaSalle St & Adams St,-87.631970572706308,41.879378041683978
5481,Racine Ave & Congress Pkwy,-87.6570298246195,41.874640631939329
5464,Elizabeth (May) St & Fulton St,-87.658160469978228,41.886604590309268
5454,Blue Island Ave & 18th St,-87.66156352797762,41.857532534101587
5453,Seeley Ave & Roscoe St,-87.679634035081619,41.943398280858204
5450,Damen Ave & Leland Ave,-87.67903703375589,41.96709575297983
5405,Leavitt St & Armitage Ave,-87.682446358825359,41.917804476251582
5347,Ravenswood Ave & Irving Park Rd,-87.673917170921968,41.954672104387463
5341,Clark St & Ida B Wells Dr,-87.6306725084086,41.875927823652916
5340,Logan Blvd & Elston Ave,-87.684163601084279,41.92945865111794
5328,Racine Ave & Randolph St,-87.656886754395543,41.884069427498147
5299,Sheridan Rd & Noyes St (NU),-87.677442191022863,42.058236328858221
5298,Emerald Ave & 31st St,-87.64513876091543,41.83820211950173
5272,Calumet Ave & 33rd St,-87.6179230139017,41.834885581621769
5258,Humboldt Blvd & Armitage Ave,-87.701811779591168,41.91751828056676
5234,Western Ave & Division St,-87.687310409484112,41.90289747288314
5188,Damen Ave & Grand Ave,-87.676861515019382,41.891281522349715
5174,Museum of Science and Industry,-87.583946465394291,41.79173512531105
5172,Racine Ave & Washington Blvd,-87.656979971241384,41.883074093211484
5120,Lincoln Ave & Sunnyside Ave,-87.684786484849653,41.963010603501942
5034,Lincoln Ave & Waveland Ave,-87.675273168808147,41.94880026361735
4951,Ashland Ave & Lake St,-87.667167706303744,41.885922556503786
4871,Damen Ave & Clybourn Ave,-87.677839018924232,41.931917806629095
4776,Western Ave & Fillmore St,-87.686248680885583,41.868595175780989
4767,Morgan Ave & 14th Pl,-87.65107860025168,41.862384513268282
4737,California Ave & Cortez St,-87.696712058615091,41.900363848634122
4725,Damen Ave & Wellington Ave,-87.67842876066662,41.935880802719574
4716,Halsted St & Roosevelt Rd,-87.648627220585183,41.867337764618313
4643,Wolcott (Ravenswood) Ave & Montrose Ave,-87.676191283558069,41.961414015427493
4637,Morgan St & 18th St,-87.6510825139552,41.858079264263445
4565,Blackstone Ave & Hyde Park Blvd,-87.59035857009421,41.802560270670355
4543,Sheridan Rd & Loyola Ave,-87.661219186183146,42.001065280028655
4522,Albany Ave & Bloomingdale Ave,-87.705142332784263,41.9140118249558
4498,Milwaukee Ave & Rockwell St,-87.692655789637755,41.9202107820876
4468,Leavitt St & Chicago Ave,-87.682011649496289,41.895497685821454
4423,California Ave & North Ave,-87.697183330508651,41.910434928439969
4370,Stave St & Armitage Ave,-87.691418345379873,41.917737244148732
4338,Leavitt St & Division St,-87.683803611779609,41.9029958648041
4265,Wood St & Hubbard St,-87.671486091526319,41.88989132352873
4184,Chicago Ave & Sheridan Rd,-87.677820278384218,42.050489396025327
4154,Rhodes Ave & 32nd St,-87.6134995178671,41.8363306807607
4138,McCormick Place,-87.618840376851182,41.851400811471684
4134,Kedzie Ave & Palmer Ct,-87.707329869806358,41.921522333720311
4127,California Ave & Francis Pl (Temp),-87.697437384046651,41.918513275815371
4012,Glenwood Ave & Morse Ave,-87.66548855333761,42.007969082522465
3962,Indiana Ave & 31st St,-87.621859098379588,41.838831994603716
3939,Paulina St & 18th St,-87.668708758220376,41.857896283896892
3859,Leavitt St & Belmont Ave,-87.683272959038689,41.939346189098238
3837,Sheridan Rd & Columbia Ave,-87.661424301631527,42.004579568368484
3836,State St & 35th St,-87.626821093657455,41.831041518519243
3813,Calumet Ave & 21st St,-87.619161595182263,41.854157198054068
3740,California Ave & Division St,-87.697484747729916,41.903025455120272
3737,California Ave & Altgeld St,-87.697694610775955,41.926680384276153
3728,Harper Ave & 59th St,-87.588310872564364,41.787942845651834
3613,Damen Ave & Foster Ave,-87.679453462809178,41.975618832117341
3595,Chicago Ave & Washington St,-87.679120658161352,42.032563423735745
3574,Damen Ave & Melrose Ave,-87.678525542285882,41.940590157062175
3513,Wabash Ave & Cermak Rd,-87.626503293674787,41.852616500392763
3501,Ravenswood Ave & Berteau Ave,-87.6735708902543,41.957916079180208
3422,Damen Ave & Madison St,-87.674924292533561,41.881385043763856
3400,Winchester Ave & Elston Ave,-87.676460111664724,41.924089814091175
3381,Campbell Ave & Fullerton Ave,-87.689304990260226,41.924638795297255
3380,Spaulding Ave & Armitage Ave,-87.710226118053356,41.917108256804774
3343,Southport Ave & Clark St,-87.664197767472459,41.957085617654855
3303,Damen Ave & Sunnyside Ave,-87.679272958204635,41.963253310989977
3269,Clinton St & Tilden St,-87.640778903297715,41.875876104423376
3268,Lincoln Ave & Addison St,-87.673308374960214,41.94617809694919
3262,Lake Park Ave & 35th St,-87.608796324757961,41.831273978500946
3231,Morgan St & 31st St,-87.651153900522971,41.837793652930955
3206,Paulina St & Montrose Ave,-87.671398526303861,41.961505095096676
3138,Clark St & Elmdale Ave,-87.669713268202614,41.990860979537963
3119,Shields Ave & 31st St,-87.635400552818226,41.838456458252615
3102,State St & 19th St,-87.6275450157705,41.856586665161217
3006,Central Park Ave & Bloomingdale Ave,-87.7167561375582,41.914164270991314
3001,Canal St & Harrison St,-87.6395818523659,41.874248284038678
2999,Elston Ave & Wabansia Ave,-87.664167644321438,41.912924568416116
2995,Ashland Ave & Belle Plaine Ave,-87.668845506818016,41.956062387659429
2982,Racine Ave & 15th St,-87.656586051576184,41.861258921529156
2975,Western Ave & Congress Pkwy,-87.686415990880619,41.874708274689077
2905,Greenview Ave & Jarvis Ave,-87.668584852499166,42.015965648898451
2900,Indiana Ave & 26th St,-87.622494217013838,41.845688621872405
2895,California Ave & Fletcher St,-87.698014073191715,41.938428321060492
2886,Clinton St & 18th St,-87.640834429473273,41.857936844480271
2814,University Library (NU),-87.67342378284998,42.052937906538716
2761,California Ave & Montrose Ave,-87.695435903205407,41.96107706669688
2740,Troy St & North Ave,-87.705297635332286,41.909784177273721
2737,Washtenaw Ave & Lawrence Ave,-87.696077605045616,41.968894579112153
2718,Leavitt St & Lawrence Ave,-87.684010270022085,41.968890128826374
2695,Damen Ave & Walnut (Lake) St,-87.677011073521342,41.885949040556625
2682,Wells St & 19th St,-87.633874044671828,41.8567986748173
2679,Ogden Ave & Congress Pkwy,-87.673257648103743,41.87500967455771
2678,Wentworth Ave & 33rd St,-87.631826176206047,41.8345301259522
2649,Clark St & Schreiber Ave,-87.671374103733541,41.999252884654581
2649,Ashland Ave & 13th St,-87.6665090118573,41.865241226606258
2622,Rockwell St & Eastwood Ave,-87.693644477337912,41.965877152734556
2619,Talman Ave & Addison St,-87.694629002848345,41.946636944845352
2567,Campbell Ave & Montrose Ave,-87.691168301449153,41.961542026030351
2556,Wallace St & 35th St,-87.641272135664991,41.831211567656524
2533,Lake Park Ave & 47th St,-87.591877558136531,41.809438858559027
2497,St. Louis Ave & Fullerton Ave,-87.714495702410943,41.9248240063957
2483,Halsted St & North Branch St,-87.6485924535925,41.899478717507037
2473,Leavitt St & Addison St,-87.683367023772718,41.946642738467439
2472,Emerald Ave & 28th St,-87.645379317038859,41.843581707783208
2464,Claremont Ave & Hirsch St,-87.685858451919614,41.907775274196482
2463,Damen Ave & Cullerton St,-87.6756777487901,41.854967281936645
2434,Western Ave & Roscoe St,-87.687290141922873,41.943037369634318
2380,Laflin St & Cullerton St,-87.663589302155486,41.854894683310931
2363,Clark St & Lunt Ave,-87.674173907329617,42.009059173178215
2354,Eastlake Ter & Rogers Ave,-87.665054374031385,42.020889979205634
2338,Artesian Ave & Hubbard St,-87.688208893622871,41.889503022874237
2209,Lincoln Ave & Winona St,-87.692569746152316,41.974914583295586
2205,Sheridan Rd & Greenleaf Ave,-87.662410420417174,42.0105885384535
2173,Oakley Ave & Irving Park Rd,-87.686073361831546,41.9543255424805
2087,Clark St & Columbia Ave,-87.672401922194467,42.004455033406813
2061,Calumet Ave & 35th St,-87.61803368048524,41.831380441965095
2054,Western Ave & Monroe St,-87.6860927866601,41.879794908076931
2036,May St & Cullerton St,-87.654135075908627,41.855145172475453
2027,California Ave & Byron St,-87.6980591820967,41.9521593018402
2019,Glenwood Ave & Touhy Ave,-87.666049199727681,42.012716826706246
2017,Troy St & Elston Ave,-87.70664713084777,41.945239348805138
2015,Smith Park,-87.6893932136079,41.892035208992539
1981,Richmond St & Diversey Ave,-87.70120726696112,41.931908901635474
1978,Paulina St & Howard St,-87.673566416400362,42.019154685960537
1973,N Green St & W Lake St,-87.65,41.89
1961,63rd St Beach,-87.576247741876685,41.780955450601716
1959,Hoyne Ave & Balmoral Ave,-87.681940007121014,41.979867329377221
1935,Francisco Ave & Foster Ave,-87.70142704496638,41.975640752056847
1923,Halsted St & 21st St,-87.646592502516953,41.853784561523696
1921,Wentworth Ave & 24th St (Temp),-87.632143139167127,41.850079433779278
1879,Marshfield Ave & Cortland St,-87.668927484598157,41.916018041825417
1840,Greenwood Ave & 47th St,-87.599371528755483,41.809827546353304
1825,Kimball Ave & Belmont Ave,-87.71157786474518,41.939402814032874
1775,Spaulding Ave & Division St,-87.709227066912675,41.902713675746504
1771,Halsted St & 35th St,-87.647153176256268,41.83066474175039
1769,Albany Ave & Montrose Ave,-87.705859223584,41.961034778100611
1759,Malcolm X College Vaccination Site,-87.673895666992664,41.877614533683882
1744,Central Park Ave & Elbridge Ave,-87.716871650137591,41.935340242849747
1737,Kosciuszko Park,-87.723760723206652,41.930558762043752
1718,Winchester (Ravenswood) Ave & Balmoral Ave,-87.677542684447033,41.979764430378353
1716,Cottage Grove Ave & Oakwood Blvd,-87.607101764988442,41.822978011340325
1707,Cherry Ave & Blackhawk St,-87.655629302091413,41.907224607586414
1702,Halsted St & Archer Ave,-87.6468088435957,41.847196020634534
1698,Manor Ave & Leland Ave,-87.700827895848107,41.965869286248513
1680,Halsted St & 18th St (Temp),-87.64637171232134,41.858375998559509
1672,Western Ave & 21st St,-87.6858446824223,41.854095364001218
1671,Wentworth Ave & 35th St,-87.632503316187879,41.830782402304031
1633,Woodlawn Ave & Lake Park Ave,-87.597008746925951,41.814090117777127
1629,Avers Ave & Belmont Ave,-87.723567797734816,41.939406919785114
1625,South Shore Dr & 71st St,-87.565696556073874,41.766411179790794
1613,Shields Ave & 28th Pl,-87.635488575747146,41.842746930328616
1540,Halsted St & 18th St,-87.646213731876585,41.857510826136355
1491,Ogden Ave & Roosevelt Rd,-87.6846599113011,41.866506738866541
1476,W Oakdale Ave & N Broadway,-87.64,41.94
1444,Evanston Civic Center,-87.686564358040144,42.057038474632954
1410,Hermitage Ave & Polk St,-87.669894303035477,41.871514513375871
1306,Clinton St & Polk St,-87.640945917013781,41.871460210099521
1278,Western Ave & Lunt Ave,-87.690472020618074,42.008600530892
1276,Central St Metra,-87.6987124039028,42.063673271387124
1256,South Shore Dr & 67th St,-87.567483904195853,41.773643252977713
1247,Christiana Ave & Lawrence Ave,-87.7118340649639,41.968354111635904
1215,Drake Ave & Montrose Ave,-87.716579382691307,41.961158427185211
1210,Dorchester Ave & 49th St,-87.592467410867769,41.80578042601654
1207,California Ave & 21st St,-87.695767787183186,41.853799743869153
1205,Avondale Ave & Irving Park Rd,-87.731993697867281,41.953394253427362
1192,MLK Jr Dr & Pershing Rd,-87.616778360646,41.82459041875
1186,Loomis St & Archer Ave,-87.657441760404723,41.841637039291754
1150,Normal Ave & Archer Ave,-87.640588851200022,41.849527407930431
1137,Racine Ave & 13th St,-87.656973944678953,41.865044547000863
1132,Monticello Ave & Irving Park Rd,-87.7191022745671,41.954001611872791
1121,Prairie Ave & Garfield Blvd,-87.6187112954594,41.794852432792162
1104,Washtenaw Ave & Ogden Ave,-87.693469496023553,41.861924901793479
1080,Warren Park West,-87.688826675787055,42.0017871350648
1075,Bernard St & Elston Ave,-87.713950245962749,41.949925301897672
1074,Kedzie Ave & Leland Ave,-87.708068017458046,41.966681618864087
1071,Cottage Grove Ave & 51st St,-87.606613100420148,41.803033165564877
1071,Kedzie Ave & Foster Ave,-87.709266110971058,41.975671297591056
1066,Central St & Girard Ave,-87.68614762711077,42.064306027176336
1062,Cottage Grove Ave & 47th St,-87.606752081346571,41.809851726515994
1052,Racine Ave & 35th St,-87.656040731577974,41.830681535750948
1046,Clark St & Jarvis Ave,-87.675000899541118,42.015966080152978
1043,Western Ave & Granville Ave,-87.689444308600144,41.994167787181205
1036,Ashland Ave & Archer Ave,-87.665617880521211,41.839183955231654
1028,Central Park Ave & North Ave,-87.716637200875468,41.909653707363816
976,Valli Produce - Evanston Plaza,-87.699421851567635,42.039723976014358
955,Sawyer Ave & Irving Park Rd,-87.709315005256528,41.95360081743457
940,Elmwood Ave & Austin St,-87.684106058595731,42.025782403659591
936,Budlong Woods Library,-87.6964177721154,41.983674684113225
932,Calumet Ave & 51st St,-87.6180616930472,41.802287484656667
926,Prairie Ave & 43rd St,-87.619414927213839,41.8166608175054
902,Bosworth Ave & Howard St,-87.66954768702881,42.019535497638593
894,Clark St & Touhy Ave,-87.6743282062528,42.0125630623602
891,Kedzie Ave & Bryn Mawr Ave,-87.708943042906867,41.982006362031413
888,Warren Park East,-87.680652021621569,42.004555219234227
851,2112 W Peterson Ave,-87.68359206705054,41.991174367485321
820,MLK Jr Dr & 47th St,-87.616282906377975,41.809844996134167
812,California Ave & Lake St,-87.69629706763547,41.88445985809112
809,Drake Ave & Addison St,-87.7175936516193,41.947348883386887
785,Dorchester Ave & 63rd St,-87.591410876993592,41.780407469808914
780,DuSable Museum,-87.607853269641012,41.791559847076932
777,California Ave & 23rd Pl,-87.695149611853267,41.8491167819691
776,Western Ave & 24th St,-87.6851206230541,41.8484732847165
769,Cottage Grove Ave & 43rd St,-87.606584832717829,41.816495305981839
769,St. Louis Ave & Balmoral Ave,-87.716119248283519,41.98037827821846
763,State St & 29th St,-87.626943017103514,41.841708750406276
760,Cottage Grove Ave & 63rd St,-87.605826664039483,41.7806088721842
752,W Armitage Ave & N Sheffield Ave,-87.65,41.92
745,Leavitt St & Archer Ave,-87.680613964402653,41.8287818353423
744,Dodge Ave & Church St,-87.698282880860177,42.0483100183199
743,Conservatory Dr & Lake St,-87.716860204320284,41.885499401843887
742,Damen Ave & Wabansia Ave,-87.68,41.91
723,Keystone Ave & Fullerton Ave,-87.727865837538,41.92458474092669
723,Ridge Blvd & Howard St,-87.684523816348545,42.019269808243422
711,Western Ave & Howard St,-87.690044485119628,42.018915073994378
701,Lincolnwood Dr & Central St,-87.715303714950124,42.064837867574909
690,Keystone Ave & Montrose Ave,-87.728970220695615,41.961096495913047
658,Jeffery Blvd & 67th St,-87.577194985866257,41.773519238541049
648,Milwaukee Ave & Cuyler Ave,-87.749601452916636,41.954475372037052
635,Kedzie Ave & Chicago Ave,-87.70613400511813,41.895469246755873
634,Wood St & 35th St,-87.6703046435962,41.830113826577254
632,Ridge Blvd & Touhy Ave,-87.682914599873442,42.012132979256336
615,Kildare Ave & Montrose Ave,-87.735690050373961,41.961077897853663
615,Halsted St & 47th Pl,-87.645630887495969,41.808153151268321
613,Kedzie Ave & Lake St,-87.706310941582359,41.884595459543242
574,Halsted St & 37th St,-87.645722903884987,41.827066045522649
564,Maplewood Ave & Peterson Ave,-87.693373920833409,41.9902356591135
554,Damen Ave & Coulter St,-87.675643569873642,41.849197297797843
548,N Sheffield Ave & W Wellington Ave,-87.65,41.94
548,Indiana Ave & 40th St,-87.621538909233621,41.82167591027374
532,Central Ave & Chicago Ave,-87.764907609323316,41.894953937537622
528,Fairfield Ave & Roosevelt Rd,-87.6945205310795,41.866633585511359
524,Central Park Ave & Ogden Ave,-87.715112565477085,41.854016080381683
515,Union Ave & Root St,-87.643279384524334,41.819119898601976
512,Cornell Dr & Hayes Dr,-87.584884094160159,41.780591923730483
501,Oakley Ave & Touhy Ave,-87.68825089904189,42.012342624830318
489,Dodge Ave & Mulford St,-87.699608618568533,42.023523249141093
489,Hampden Ct & Diversey Ave,-87.64,41.93
487,South Shore Dr & 74th St,-87.5592509598563,41.762209466098589
474,Archer (Damen) Ave & 37th St,-87.683148391877566,41.826714207405075
471,Austin Blvd & Lake St,-87.774451684649691,41.887921245520168
466,Stony Island Ave & 64th St,-87.58665178480689,41.778879142618031
465,Chicago State University,-87.608325718709679,41.71896716215052
455,Wolcott Ave & Fargo Ave,-87.677729260461533,42.016960524945048
447,Damen Ave & Pershing Rd,-87.6766069637584,41.823191191610746
439,Pulaski Rd & Eddy St (Temp),-87.731039527836,41.946268643758536
438,Knox Ave & Montrose Ave,-87.745372716780793,41.960647635799077
425,Eberhart Ave & 61st St,-87.613293586964673,41.784120996494117
423,McClurg Ct & Ohio St,-87.617278562789579,41.8926389104019
411,Dodge Ave & Main St,-87.699173084233564,42.034706102287117
386,Stony Island Ave & 67th St,-87.585338354715,41.773457516683933
384,MLK Jr Dr & 56th St,-87.615853250390614,41.79343832018229
381,State St & 95th St,-87.622838684251946,41.721772177611555
377,Calumet Park,-87.530830791140616,41.713714091007972
365,Princeton Ave & 47th St,-87.633455987753422,41.809321420054786
361,Sacramento Blvd & Franklin Blvd,-87.702619409252051,41.890485951191145
346,Kilbourn Ave & Irving Park Rd,-87.740565807225408,41.953737316473983
345,N Southport Ave & W Newport Ave,-87.66,41.94
343,Stony Island Ave & 71st St,-87.58646531606415,41.766492675539361
337,Jeffery Blvd & 71st St,-87.576450329762608,41.76663285094957
336,Ashland Ave & Pershing Rd,-87.665582373571453,41.8234608705655
329,MLK Jr Dr & 63rd St,-87.615952247386019,41.780087445987846
316,Stony Island Ave & 75th St,-87.586889715253164,41.758669404272148
309,Princeton Ave & Garfield Blvd,-87.633122193139172,41.794980264627846
294,Ashland Ave & McDowell Ave,-87.664533281020411,41.808866247517
287,Kilbourn Ave & Milwaukee Ave,-87.7400051014286,41.947661791986064
284,N Carpenter St & W Lake St,-87.65,41.89
283,Western Blvd & 48th Pl,-87.683381991201387,41.805667017137807
282,Marshfield Ave & 44th St,-87.666610097517747,41.814004120638295
279,Kedzie Ave & 21st St,-87.705070482867342,41.853534411397852
277,Austin Blvd & Madison St,-87.774463162743672,41.880280056534296
277,Phillips Ave & 79th St,-87.565212776823117,41.751821226750906
276,Big Marsh Park,-87.573788099202929,41.685880784673913
275,State St & 79th St,-87.624432499309066,41.7507916420727
274,California Ave & 26th St,-87.695309648102182,41.84404173948905
273,State St & Pershing Rd,-87.6265726082784,41.823021674945075
268,Wabash Ave & 87th St,-87.6226338332463,41.736636843320909
266,Central Ave & Lake St,-87.765468543383463,41.88766501537593
260,Cottage Grove Ave & 67th St,-87.605634782384627,41.773722637884617
257,Austin Blvd & Chicago Ave,-87.774642077159513,41.894882312062229
256,Hoyne Ave & 47th St,-87.677191523007835,41.808226829179688
254,Albany Ave & 26th St,-87.702020835196834,41.844484231062985
253,Kedzie Ave & Roosevelt Rd,-87.706495320197675,41.866499315889328
248,Rainbow Beach,-87.549380801895182,41.757874670282263
243,Millard Ave & 26th St,-87.7159464712346,41.844539362222235
239,Central Park Blvd & 5th Ave,-87.715483846108782,41.8756785093724
221,Lawndale Ave & 111th St,-87.712870092488714,41.691315001266972
218,Central Ave & Madison St,-87.763235467935786,41.880123240871562
217,Wentworth Ave & 63rd St,-87.6297599058986,41.780078186682019
215,Prospect Sq & 91st St,-87.667556370558117,41.728149223162774
211,Greenwood Ave & 97th St,-87.597008640426552,41.718704882085312
208,State St & Chicago Ave,-87.628597084134626,41.896649125048086
202,Dauphin Ave & 87th St,-87.601259699504965,41.736537594257413
202,State St & 54th St,-87.625923433118814,41.79663582589108
200,Cottage Grove Ave & 83rd St,-87.604842737399991,41.74344221165
197,Pulaski Rd & Lake St,-87.72658183583755,41.88538277
196,Burnham Greenway & 105th St,-87.52829763193877,41.704594875306121
195,Hale Ave & 107th St,-87.668889951897427,41.699207748051286
193,Exchange Ave & 79th St,-87.552812954300521,41.751723815025919
193,Morgan St & Pershing Rd,-87.650924216891184,41.823620573264243
193,Halsted & 63rd - Kennedy-King Vaccination Site,-87.644634435233158,41.779383860932633
192,Stony Island Ave & 82nd St,-87.585997514739589,41.746555398489562
182,Yates Blvd & 75th St,-87.566439612692321,41.758764500934063
179,Walden Pkwy & 100th St,-87.66772725698327,41.712185998268154
179,Jeffery Blvd & 76th St,-87.575842242402231,41.757121150223469
176,Vernon Ave & 79th St,-87.613791597500025,41.750950031363658
172,Ellis Ave & 83rd St,-87.599043183953526,41.744124141511627
171,Perry Ave & 69th St,-87.628206777251478,41.769288893157906
169,Eberhart Ave & 91st St,-87.610732449526623,41.7293242095858
168,Base - 2132 W Hubbard Warehouse,-87.68076890279761,41.889175999285712
167,Kedzie Ave & 24th St,-87.70541954281434,41.848195487664668
167,Baltimore Ave & 87th St,-87.548499946706585,41.737337069341329
166,Kedzie Ave & Harrison St,-87.704875460180745,41.8736065610241
165,State St & 123rd St,-87.62271857903032,41.670663933939394
165,Western Ave & 111th St,-87.681301896666653,41.691210021090896
157,W Washington Blvd & N Peoria St,-87.65,41.88
156,Loomis Blvd & 84th St,-87.658414118012814,41.741510879166668
153,Cottage Grove Ave & 78th St,-87.605024200326767,41.753176697124189
150,Laramie Ave & Kinzie St,-87.755553470066673,41.887830093266665
150,Stony Island Ave & South Chicago Ave,-87.585336839133333,41.751169563266686
149,Long & Irving Park,-87.76,41.95
149,Stewart Ave & 83rd St,-87.634089941812093,41.743717465436234
148,Greenwood Ave & 79th St,-87.597540829932427,41.75129321506757
148,Laramie Ave & Madison St,-87.75535100222973,41.880214084527033
147,Cottage Grove Ave & 111th Pl,-87.610002232312908,41.691693269795913
146,Cicero Ave & Lake St,-87.745284379863008,41.886851982191772
146,Cottage Grove Ave & 71st St,-87.604967195547928,41.76572023698629
145,Central Park Ave & 24th St,-87.71507464951722,41.848102554068966
142,Clyde Ave & 87th St,-87.572731309225361,41.737156748169021
141,Central Ave & Harrison St,-87.764497732765946,41.872994512907788
141,Stony Island Ave & 90th St,-87.585763246312027,41.731395516879445
138,Homewood Ave & 115th St,-87.670789406956544,41.684591612463777
134,Commercial Ave & 130th St,-87.550778541865668,41.659148254029851
134,Western Ave & 104th St,-87.681168982761193,41.704601543358208
133,Pulaski Rd & Congress Pkwy,-87.725755799699243,41.874328123308267
132,Ashland Ave & 50th St,-87.664697137424241,41.803020758787881
132,Elizabeth St & 92nd St,-87.65429769,41.726809402651526
131,Major Taylor Trail & 115th St,-87.645290610305324,41.684948066488552
131,East End Ave & 87th St,-87.582811086641215,41.736801581526734
130,Eggleston Ave & 92nd St,-87.634863649769244,41.72761177923077
129,Ashland Ave & 63rd St,-87.664877084031019,41.779373557984506
128,N Paulina St & Lincoln Ave,-87.67,41.94
127,Kostner Ave & Adams St,-87.735789161338587,41.877916542047238
125,Vernon Ave & 75th St,-87.61414249624,41.75835827336
123,Western & 28th - Velasquez Institute Vaccination Site,-87.685133404959373,41.841520865365851
121,Marquette Ave & 89th St,-87.558362333057872,41.733671888429761
121,Shields Ave & 43rd St,-87.634725553801658,41.816194455619836
121,Stewart Ave & 63rd St,-87.634770972561967,41.779842605454547
118,Evans Ave & 75th St,-87.606415916440682,41.758494188050854
114,Damen Ave & 59th St,-87.67409698482453,41.785706450964909
112,Eggleston Ave & 69th St,-87.635868127857137,41.76889966375
110,Lockwood Ave & Wrightwood Ave,-87.76,41.93
109,Racine Ave & Garfield Blvd,-87.655080207889924,41.794230012293575
106,Commercial Ave & 83rd St,-87.551210086603788,41.7446211618868
106,May St & 69th St,-87.652930452547167,41.76894643292453
103,Latrobe Ave & Chicago Ave,-87.756893587378656,41.894737221747569
103,Milwaukee Ave & Fullerton Ave,-87.7,41.92
101,Bradley Park,-87.564608578613857,41.717896278712871
101,South Chicago Ave & 83rd St,-87.575223735940611,41.743918232772259
100,Karlov Ave & Madison St,-87.7279209902,41.8808505933
100,Ashland Ave & Garfield Blvd,-87.664425425099992,41.792841443299992
100,Houston Ave & 92nd St,-87.549652530300008,41.7281999073
100,Ashland Ave & 74th St,-87.663476277500024,41.7592190013
100,Halsted St & 96th St,-87.642960074900017,41.719714223500013
99,Major Taylor Trail & 124th St,-87.6371573439394,41.668708464747482
97,Indiana Ave & 103rd St,-87.618429049484533,41.707171951855678
97,Kilbourn & Roscoe,-87.74,41.94
96,Dauphin Ave & 103rd St,-87.6076655284375,41.707265045208324
95,Halsted St & 51st St,-87.645219847368423,41.80181039747368
94,Vincennes Ave & 104th St,-87.656973128297864,41.70494062106382
93,Oglesby Ave & 100th St,-87.5658506392473,41.713375658172033
93,Avenue O & 134th St,-87.53962648000001,41.651897833548389
92,Michigan Ave & 71st St,-87.62174148565218,41.765287010869564
89,Ewing Ave & Burnham Greenway,-87.534745403595508,41.71273014865168
88,Damen Ave & 51st St,-87.6746772631818,41.800911344545455
88,Phillips Ave & 83rd St,-87.565066469659087,41.744532838977271
88,Halsted St & 56th St,-87.644995384545453,41.792943874204553
87,Long Ave & Belmont Ave,-87.76,41.94
86,Kostner Ave & Wrightwood Ave,-87.74,41.93
86,Ashland Ave & 78th St,-87.663747855930239,41.752219644883724
85,Kenton Ave & Madison St,-87.741019639176486,41.880706405882343
83,Loomis St & 89th St,-87.65807982915662,41.732449555180729
82,Halsted St & 78th St,-87.643818866463391,41.752507000975612
82,Kostner Ave & Lake St,-87.735400298902434,41.8859304002439
82,WEST CHI-WATSON,-87.730872353292682,41.894742846097564
82,Kedzie Ave & 110th St,-87.700960105487809,41.692390709146331
81,Summit Ave & 86th St,-87.644890465802462,41.737847873209887
81,Halsted St & 111th St,-87.64263951444444,41.692267209382713
81,Elizabeth St & 47th St,-87.656530343580258,41.808394839382721
81,Vernon Ave & 107th St,-87.6122859625926,41.700152915925933
81,Avenue O & 118th St,-87.537967100370381,41.681019518641975
81,Bennett Ave & 79th St,-87.578500623456776,41.751795207901225
80,Yates Blvd & 93rd St,-87.566336948125013,41.726159111250006
78,Cicero Ave & Flournoy St,-87.7466294424359,41.87213194423078
77,Throop St & 52nd St,-87.657194682337675,41.799663931168823
77,Halsted St & 73rd St,-87.6441283368831,41.761623252987008
77,Constance Ave & 95th St,-87.578967754545445,41.72223673064935
76,Michigan Ave & 114th St,-87.621087670000023,41.687014000131576
76,Cicero Ave & Quincy St,-87.7454054244737,41.877612774078948
76,Halsted St & 104th St,-87.642419046315766,41.705157836052635
75,Wentworth Ave & 104th St,-87.629079602266671,41.7053280708
74,Halsted St & 69th St,-87.644612675945936,41.769058436081075
74,Eberhart Ave & 131st St,-87.610752017027025,41.658128911351348
74,Calumet Ave & 71st St,-87.616922026216216,41.76550935513513
72,Rhodes Ave & 71st St,-87.611730472222234,41.766000932777771
72,Meade Ave & Addison St,-87.78,41.95
71,Ashland Ave & 66th St,-87.663794157464778,41.774082453098586
71,Narragansett & Wrightwood,-87.79,41.93
69,Kilbourn & Belden,-87.74,41.92
69,Mulligan Ave & Wellington Ave,-87.78,41.93
69,Oak Park & Wellington,-87.8,41.93
67,Kilpatrick Ave & Parker Ave,-87.74,41.93
67,Lamon Ave & Belmont Ave,-87.75,41.94
65,Vincennes Ave & 75th St,-87.631205991999977,41.757963635846153
65,Elston Ave & George St,-87.69,41.93
64,Mason Ave & Belmont Ave,-87.77,41.94
63,Laramie Ave & Gladys Ave,-87.75529864809522,41.875810661428567
63,MLK Jr Dr & 83rd St,-87.614802537142864,41.743113264444446
63,Seeley Ave & Garfield Blvd,-87.675486320158726,41.794093116190474
61,Hegewisch Metra Station,-87.54615711999999,41.648542680000006
61,Nordica & Medill,-87.8,41.92
61,Rockwell St & Fletcher St,-87.69,41.94
61,Spaulding Ave & 16th St,-87.71,41.86
61,Kedzie Ave & George St,-87.71,41.93
59,Lawndale Ave & 30th St,-87.72,41.84
56,Ada St & 113th St,-87.655423326428561,41.687564514107137
54,Central Park Ave & Douglas Blvd,-87.72,41.86
53,W 103rd St & S Avers Ave,-87.72,41.71
53,Marshfield Ave & 59th St,-87.666200707924546,41.786805883962266
53,Altgeld Gardens,-87.598820899433946,41.656805536037744
53,Wabash Ave & 83rd St,-87.6228419981132,41.743316313018873
52,Western Ave & Gunnison St,-87.69,41.97
51,Plainfield & Irving Park,-87.83,41.95
51,Narragansett Ave & School St,-87.79,41.94
49,Central Ave & Roscoe St,-87.77,41.94
49,Albany Ave & Belmont Ave,-87.71,41.94
48,Lamon Ave & Armitage Ave,-87.75,41.92
48,Homan Ave & Fillmore St,-87.71,41.87
48,Lavergne & Fullerton,-87.75,41.92
47,Torrence Ave & 106th St,-87.559815273617019,41.702830564893617
45,Woodlawn Ave & 75th St,-87.595756655555576,41.759168452000004
45,Troy St & Grace St,-87.71,41.95
44,Racine Ave & 65th St,-87.654305822045458,41.77539495818182
44,Harlem & Irving Park,-87.81,41.95
43,Meade Ave & Diversey Ave,-87.78,41.93
43,Greenwood Ave & 91st St,-87.59728991139535,41.72835047069767
43,Commercial Ave & 100th St,-87.551154784418614,41.713315472558143
41,Oketo Ave & Addison St,-87.81,41.941707317073167
41,Torrence Ave & 126th Pl,-87.557209966829276,41.666291686585367
41,Racine Ave & 61st St,-87.654363912439038,41.783186725609752
40,Narragansett & Irving Park,-87.79,41.95
40,Tripp Ave & 31st St,-87.73,41.84
40,Halsted St & 59th St,-87.644874820500007,41.7875484625
39,Elizabeth St & 59th St,-87.6554155048718,41.787846399743586
39,Central Ave & Parker Ave,-87.77,41.93
39,Long Ave & Belden Ave,-87.76,41.92
38,Sayre & Diversey,-87.8,41.93
38,Lincoln Ave & Balmoral Ave,-87.69,41.98
37,Kedzie Ave & 48th Pl,-87.7,41.8
36,Keeler Ave & Roosevelt Rd,-87.73,41.87
36,Orange & Addison,-87.82,41.94
35,State St & 76th St,-87.624612942857155,41.756991234
34,Carpenter St & 63rd St,-87.65090766176472,41.7798858282353
34,California Ave & Winona St,-87.7,41.97
33,Major Ave & Bloomingdale Ave,-87.77,41.91
31,Kedzie Ave & 52nd St,-87.7,41.8
31,Komensky Ave & 31st St,-87.73,41.84
30,Elston Ave & Henderson St,-87.7,41.94
30,South Chicago Ave & Elliot Ave,-87.580037733333327,41.747353910666675
28,Pulaski Rd & 21st St,-87.72,41.85
28,Lawler Ave & 50th St,-87.75,41.8
27,Rockwell St & Archer Ave,-87.69,41.82
25,Western Ave & Grace St,-87.69,41.95
25,North Ave & New England Ave,-87.8,41.91
24,Harlem Ave & Grace St,-87.81,41.95
24,Maryland Ave & 104th St,-87.6,41.71
24,Pulaski Rd & 51st St,-87.72,41.8
24,Rockwell St & Cermak Rd,-87.69,41.85
23,Roscoe & Harlem,-87.81,41.94
23,Lavergne Ave & Division St,-87.75,41.9
23,Menard Ave & Division St,-87.77,41.9
23,Sacramento Ave & Pershing Rd,-87.7,41.82
21,Bloomingdale Ave & Harlem Ave,-87.81,41.91
21,Cicero Ave & Grace St,-87.75,41.95
21,Artesian Ave & 55th St,-87.69,41.79
21,Rockwell St & 57th St,-87.69,41.79
21,Damen Ave & 33rd St,-87.68,41.83
21,Virginia Ave & Catalpa Ave,-87.704761904761909,41.98
20,Kedzie Ave & 57th St,-87.7,41.79
20,Kenosha & Wellington,-87.73,41.93
20,Hoyne Ave & 34th St,-87.68,41.83
20,Harding Ave & 26th St,-87.72,41.84
19,Kedzie Ave & 104th St,-87.7,41.7
18,Tripp Ave & 65th St,-87.73,41.77
18,Tripp Ave & 15th St,-87.73,41.86
18,Lawndale Ave & 16th St,-87.72,41.86
18,Francisco Ave & Bloomingdale Ave,-87.7,41.91
18,Ping Tom Park (East),-87.63,41.86
17,Sacramento Blvd & Addison St,-87.7,41.95
17,Kildare Ave & Division St,-87.73,41.9
17,Panama Ave & Grace St,-87.83,41.95
17,Narragansett & McLean,-87.79,41.92
16,Woodlawn & 103rd - Olive Harvey Vaccination Site,-87.59,41.71
16,S Aberdeen St & W 106th St,-87.65,41.7
16,Monticello Ave & Chicago Ave,-87.72,41.9
16,Central Park & Augusta Blvd,-87.72,41.9
15,Richmond St & 59th St,-87.7,41.79
15,Long Ave & North Ave,-87.76,41.91
15,Spaulding Ave & 63rd St,-87.71,41.78
15,Archer Ave & 43rd St,-87.7,41.82
15,Springfield Ave & 47th St,-87.72,41.81
15,Richmond St & Lincoln Ave,-87.7,41.99
14,Parkside Ave & Armitage Ave,-87.77,41.92
14,Whipple/Irving Park,-87.7,41.95
14,Francisco Ave & Montrose Ave,-87.7,41.96
12,Sacramento Blvd & Fulton Ave,-87.7,41.89
12,Maplewood Ave & 59th St,-87.69,41.79
12,Fairfield Ave & 44th St,-87.69,41.81
12,Mozart St & Jackson Blvd,-87.7,41.88
11,Lavergne Ave & 46th St,-87.75,41.81
11,Central Park Ave & Ohio St,-87.72,41.89
11,St Louis Ave & Norman Bobbins Ave,-87.71,41.79
11,Kostner Ave & 63rd St,-87.73,41.78
11,Kenneth Ave & 50th St,-87.73,41.8
11,Kildare Ave & Chicago Ave,-87.73,41.9
11,N Damen Ave & W Chicago Ave,-87.68,41.9
11,N Clark St & W Elm St,-87.63,41.9
10,Leamington Ave & Hirsch St,-87.75,41.91
10,Kilpatrick Ave & Grand Ave,-87.74,41.91
10,Western Ave & 62nd St,-87.68,41.78
9,Hamlin Ave & 62nd Pl,-87.72,41.78
9,California Ave & 36th St,-87.69,41.83
9,Doty Ave & 111th St,-87.598740072222228,41.695038878888887
8,Kildare Ave & 26th St,-87.73,41.84
8,Komensky Ave & 55th St,-87.72,41.79
8,Pulaski Rd & 60th St,-87.72,41.78
8,Francisco Ave & 47th St,-87.7,41.81
8,Avenue L & 114th St,-87.54,41.69
7,Western Ave & Ardmore Ave,-87.69,41.99
7,Western Ave & Lake St,-87.69,41.88
6,Lamon Ave & Chicago Ave,-87.75,41.9
6,Pulaski & Ann Lurie Pl,-87.72,41.82
6,S Michigan Ave & E 118th St,-87.62,41.68
6,Lincoln Ave & Peterson Ave,-87.71,41.99
5,Washtenaw Ave & Peterson Ave,-87.7,41.99
5,St Louis Ave & 59th St,-87.71,41.79
5,Menard Ave & North Ave,-87.77,41.91
5,Kildare Ave & 55th St,-87.73,41.79
5,S Wentworth Ave & W 111th St,-87.63,41.69
4,DIVVY CASSETTE REPAIR MOBILE STATION,-87.6167456675,41.881001582500005
4,California Ave & Marquette Rd,-87.69,41.77
4,Augusta Blvd & Laramie Ave,-87.76,41.9
3,California Ave & 29th St,-87.69,41.84
3,Kedzie Ave & 45th St,-87.7,41.81
3,Campbell Ave & 51st St,-87.69,41.8
3,Kildare Ave & 47th St,-87.73,41.81
3,Sacramento Ave & 25th St,-87.7,41.85
3,Francisco Ave & Hollywood Ave,-87.7,41.98
3,Lincoln Ave & Roscoe St - Charging,-87.670971409999993,41.94338675
2,Olive Harvey College,-87.590226795,41.709523704999995
2,Washtenaw Ave & Polk St,-87.69,41.87
2,Washtenaw Ave & Madison St,-87.69,41.88
2,N Shore Channel Trail & Argyle Ave,-87.7,41.97
1,351,-87.78,41.93
1,Lyft Driver Center Private Rack,-87.66,41.9
1,Pawel Bialowas - Test- PBSC charging station,-73.79647696,45.63503432
1,Indiana Ave & 133rd St,-87.62,41.65
1,Fullerton & Monitor,-87.77,41.92
1,Whipple St & Roosevelt Rd,-87.7,41.87
1,Sacramento Blvd & Polk St,-87.7,41.87
1,Throop/Hastings Mobile Station,-87.65911079,41.85156047
1,Hastings WH 2,-87.67966425,41.86353314
1,N Hampden Ct & W Diversey Ave,-87.64,41.93